start_date,answer,candidate_id,pct,party
2018-12-06,Brown,13255,7,DEM
2018-12-06,Biden,13256,25.5,DEM
2018-12-06,Sanders,13257,22,DEM
2018-12-06,Warren,13258,6.9,DEM
2018-12-06,O'Rourke,13276,15.1,DEM
2018-12-06,Harris,13288,8.5,DEM
2019-01-20,Brown,13255,4.4,DEM
2019-01-20,Biden,13256,45.4,DEM
2019-01-20,Sanders,13257,5.4,DEM
2019-01-20,Warren,13258,42.9,DEM
2019-01-20,Warren,13258,2.9,DEM
2019-01-20,O'Rourke,13276,3.2,DEM
2019-01-20,Booker,13287,7.7,DEM
2019-01-20,Harris,13288,18.9,DEM
2019-01-20,Harris,13288,2.6,DEM
2019-01-20,Bloomberg,13289,6.6,DEM
2019-01-20,Klobuchar,13310,1.4,DEM
2019-01-20,Gillibrand,13311,8.9,DEM
2019-01-20,Gillibrand,13311,1.1,DEM
2019-01-20,Delaney,13314,7.7,DEM
2019-01-20,Delaney,13314,2.1,DEM
2019-01-20,Castro,13316,12,DEM
2019-01-20,Castro,13316,8,DEM
2019-01-20,Ojeda,13339,7,DEM
2019-01-20,Ojeda,13339,1,DEM
2019-01-20,Gabbard,13343,2.7,DEM
2019-01-20,Gabbard,13343,2.3,DEM
2019-01-30,Trump,13254,90.3,REP
2019-01-30,Brown,13255,4.2,DEM
2019-01-30,Biden,13256,29.2,DEM
2019-01-30,Sanders,13257,14.8,DEM
2019-01-30,Warren,13258,10.6,DEM
2019-01-30,O'Rourke,13276,6.1,DEM
2019-01-30,Kasich,13278,9.7,REP
2019-01-30,Booker,13287,3.6,DEM
2019-01-30,Harris,13288,17.5,DEM
2019-01-30,Klobuchar,13310,3,DEM
2019-01-30,Gillibrand,13311,0.8,DEM
2019-01-30,Delaney,13314,0.9,DEM
2019-01-30,Castro,13316,1.5,DEM
2019-01-30,Yang,13329,0,DEM
2019-01-30,Gabbard,13343,0,DEM
2019-01-30,Buttigieg,13345,0,DEM
2019-02-14,Trump,13254,84.9,REP
2019-02-14,Brown,13255,2.8,DEM
2019-02-14,Biden,13256,27.4,DEM
2019-02-14,Sanders,13257,17.2,DEM
2019-02-14,Warren,13258,9.2,DEM
2019-02-14,O'Rourke,13276,3.9,DEM
2019-02-14,Booker,13287,8.5,DEM
2019-02-14,Harris,13288,14.9,DEM
2019-02-14,Bloomberg,13289,2.2,DEM
2019-02-14,Klobuchar,13310,4.6,DEM
2019-02-14,Gillibrand,13311,1.2,DEM
2019-02-14,Delaney,13314,0.1,DEM
2019-02-14,Castro,13316,0.9,DEM
2019-02-14,Gabbard,13343,1.8,DEM
2019-02-14,Buttigieg,13345,0,DEM
2019-02-14,Weld,13351,15.1,REP
2019-02-21,Trump,13254,81.7,REP
2019-02-21,Brown,13255,0.5,DEM
2019-02-21,Biden,13256,25,DEM
2019-02-21,Sanders,13257,26.8,DEM
2019-02-21,Warren,13258,8.7,DEM
2019-02-21,O'Rourke,13276,5.1,DEM
2019-02-21,Booker,13287,4.9,DEM
2019-02-21,Harris,13288,11.5,DEM
2019-02-21,Bloomberg,13289,1.9,DEM
2019-02-21,Klobuchar,13310,7.6,DEM
2019-02-21,Gillibrand,13311,1.4,DEM
2019-02-21,Delaney,13314,0.9,DEM
2019-02-21,Castro,13316,0.1,DEM
2019-02-21,Gabbard,13343,0.3,DEM
2019-02-21,Buttigieg,13345,0.7,DEM
2019-02-21,Weld,13351,18.3,REP
2019-02-28,Trump,13254,90.1,REP
2019-02-28,Brown,13255,0.9,DEM
2019-02-28,Biden,13256,37,DEM
2019-02-28,Sanders,13257,21.1,DEM
2019-02-28,Warren,13258,5.2,DEM
2019-02-28,O'Rourke,13276,5,DEM
2019-02-28,Booker,13287,5.9,DEM
2019-02-28,Harris,13288,9,DEM
2019-02-28,Bloomberg,13289,1.9,DEM
2019-02-28,Klobuchar,13310,0.9,DEM
2019-02-28,Gillibrand,13311,3.3,DEM
2019-02-28,Delaney,13314,0,DEM
2019-02-28,Castro,13316,0.2,DEM
2019-02-28,Gabbard,13343,1.5,DEM
2019-02-28,Buttigieg,13345,0.4,DEM
2019-02-28,Weld,13351,9.9,REP
2019-03-07,Trump,13254,89.4,REP
2019-03-07,Biden,13256,39.6,DEM
2019-03-07,Sanders,13257,23.3,DEM
2019-03-07,Warren,13258,11.3,DEM
2019-03-07,O'Rourke,13276,2.2,DEM
2019-03-07,Booker,13287,2.9,DEM
2019-03-07,Harris,13288,11.8,DEM
2019-03-07,Klobuchar,13310,4.8,DEM
2019-03-07,Gillibrand,13311,0.7,DEM
2019-03-07,Castro,13316,0,DEM
2019-03-07,Inslee,13324,0,DEM
2019-03-07,Hickenlooper,13326,0.6,DEM
2019-03-07,Gabbard,13343,0.2,DEM
2019-03-07,Buttigieg,13345,0,DEM
2019-03-07,Weld,13351,10.6,REP
2019-03-15,Trump,13254,89.2,REP
2019-03-15,Biden,13256,23.5,DEM
2019-03-15,Sanders,13257,38.9,DEM
2019-03-15,Warren,13258,14.4,DEM
2019-03-15,O'Rourke,13276,6.2,DEM
2019-03-15,Booker,13287,2.2,DEM
2019-03-15,Harris,13288,5.3,DEM
2019-03-15,Klobuchar,13310,3.9,DEM
2019-03-15,Gillibrand,13311,0.5,DEM
2019-03-15,Castro,13316,0.2,DEM
2019-03-15,Inslee,13324,0.2,DEM
2019-03-15,Hickenlooper,13326,0.4,DEM
2019-03-15,Yang,13329,0.8,DEM
2019-03-15,Gabbard,13343,0.3,DEM
2019-03-15,Buttigieg,13345,0.5,DEM
2019-03-15,Weld,13351,10.8,REP
2019-03-17,Trump,13254,90,REP
2019-03-17,Biden,13256,31,DEM
2019-03-17,Biden,13256,25.9,DEM
2019-03-17,Sanders,13257,26.3,DEM
2019-03-17,Sanders,13257,23,DEM
2019-03-17,Warren,13258,8.4,DEM
2019-03-17,Warren,13258,4,DEM
2019-03-17,O'Rourke,13276,10.9,DEM
2019-03-17,O'Rourke,13276,8,DEM
2019-03-17,Booker,13287,4,DEM
2019-03-17,Booker,13287,2.5,DEM
2019-03-17,Harris,13288,11.6,DEM
2019-03-17,Harris,13288,8,DEM
2019-03-17,Klobuchar,13310,1,DEM
2019-03-17,Klobuchar,13310,0.9,DEM
2019-03-17,Gillibrand,13311,2,DEM
2019-03-17,Gillibrand,13311,0.4,DEM
2019-03-17,Delaney,13314,1,DEM
2019-03-17,Castro,13316,1.3,DEM
2019-03-17,Castro,13316,1,DEM
2019-03-17,Bullock,13320,0,DEM
2019-03-17,Inslee,13324,1,DEM
2019-03-17,Inslee,13324,0.9,DEM
2019-03-17,McAuliffe,13325,0,DEM
2019-03-17,Hickenlooper,13326,0.9,DEM
2019-03-17,Hickenlooper,13326,0,DEM
2019-03-17,Swalwell,13328,0,DEM
2019-03-17,Yang,13329,1.4,DEM
2019-03-17,Yang,13329,1,DEM
2019-03-17,de Blasio,13335,1,DEM
2019-03-17,Gabbard,13343,1.1,DEM
2019-03-17,Gabbard,13343,0,DEM
2019-03-17,Buttigieg,13345,2.9,DEM
2019-03-17,Buttigieg,13345,1,DEM
2019-03-17,Weld,13351,10,REP
2019-03-17,Bennet,13352,0,DEM
2019-03-21,Trump,13254,92.5,REP
2019-03-21,Trump,13254,90.2,REP
2019-03-21,Biden,13256,25.3,DEM
2019-03-21,Sanders,13257,24.1,DEM
2019-03-21,Warren,13258,8.5,DEM
2019-03-21,O'Rourke,13276,5.3,DEM
2019-03-21,Booker,13287,5.9,DEM
2019-03-21,Harris,13288,10.3,DEM
2019-03-21,Bloomberg,13289,7.5,REP
2019-03-21,Klobuchar,13310,1.7,DEM
2019-03-21,Gillibrand,13311,0.3,DEM
2019-03-21,Castro,13316,0.5,DEM
2019-03-21,Inslee,13324,0.5,DEM
2019-03-21,Hickenlooper,13326,1,DEM
2019-03-21,Yang,13329,0,DEM
2019-03-21,Gabbard,13343,0.9,DEM
2019-03-21,Buttigieg,13345,11.4,DEM
2019-03-21,Weld,13351,9.8,REP
2019-03-26,Trump,13254,89.8,REP
2019-03-26,Biden,13256,39,DEM
2019-03-26,Sanders,13257,20.4,DEM
2019-03-26,Warren,13258,10.9,DEM
2019-03-26,O'Rourke,13276,5.2,DEM
2019-03-26,Booker,13287,3.7,DEM
2019-03-26,Harris,13288,4.5,DEM
2019-03-26,Klobuchar,13310,0.3,DEM
2019-03-26,Gillibrand,13311,1.8,DEM
2019-03-26,Castro,13316,0.6,DEM
2019-03-26,Inslee,13324,0,DEM
2019-03-26,Hickenlooper,13326,0,DEM
2019-03-26,Yang,13329,1,DEM
2019-03-26,Gabbard,13343,2.6,DEM
2019-03-26,Buttigieg,13345,6.3,DEM
2019-03-26,Weld,13351,10.2,REP
2019-03-28,Trump,13254,91.8,REP
2019-03-28,Biden,13256,26.4,DEM
2019-03-28,Sanders,13257,22.5,DEM
2019-03-28,Warren,13258,9.9,DEM
2019-03-28,O'Rourke,13276,10.4,DEM
2019-03-28,Booker,13287,2.2,DEM
2019-03-28,Harris,13288,9.4,DEM
2019-03-28,Klobuchar,13310,2.4,DEM
2019-03-28,Gillibrand,13311,0.7,DEM
2019-03-28,Castro,13316,0.5,DEM
2019-03-28,Inslee,13324,0.1,DEM
2019-03-28,Hickenlooper,13326,0.2,DEM
2019-03-28,Yang,13329,3.2,DEM
2019-03-28,Gabbard,13343,1.7,DEM
2019-03-28,Buttigieg,13345,4.7,DEM
2019-03-28,Weld,13351,8.2,REP
2019-04-04,Trump,13254,82.4,REP
2019-04-04,Biden,13256,22.7,DEM
2019-04-04,Sanders,13257,25.7,DEM
2019-04-04,Warren,13258,14,DEM
2019-04-04,O'Rourke,13276,7.6,DEM
2019-04-04,Booker,13287,2.1,DEM
2019-04-04,Harris,13288,6.6,DEM
2019-04-04,Klobuchar,13310,2.3,DEM
2019-04-04,Gillibrand,13311,0,DEM
2019-04-04,Delaney,13314,0.6,DEM
2019-04-04,Castro,13316,1,DEM
2019-04-04,Inslee,13324,0,DEM
2019-04-04,Yang,13329,1.1,DEM
2019-04-04,Gabbard,13343,0.9,DEM
2019-04-04,Buttigieg,13345,10.7,DEM
2019-04-04,Weld,13351,17.6,REP
2019-04-11,Trump,13254,84.9,REP
2019-04-11,Biden,13256,23.8,DEM
2019-04-11,Sanders,13257,29,DEM
2019-04-11,Warren,13258,6.8,DEM
2019-04-11,O'Rourke,13276,8.2,DEM
2019-04-11,Booker,13287,1.6,DEM
2019-04-11,Harris,13288,7.6,DEM
2019-04-11,Klobuchar,13310,1,DEM
2019-04-11,Gillibrand,13311,0,DEM
2019-04-11,Delaney,13314,0.5,DEM
2019-04-11,Castro,13316,3.3,DEM
2019-04-11,Inslee,13324,0.4,DEM
2019-04-11,Hickenlooper,13326,0.2,DEM
2019-04-11,Swalwell,13328,1.1,DEM
2019-04-11,Yang,13329,2.7,DEM
2019-04-11,Gabbard,13343,0.9,DEM
2019-04-11,Buttigieg,13345,9,DEM
2019-04-11,Williamson,13350,0.1,DEM
2019-04-11,Weld,13351,15.1,REP
2019-04-11,Messam,13357,0.3,DEM
2019-04-11,Ryan,13358,0.6,DEM
2019-04-11,Gravel,13359,0.9,DEM
2019-04-25,Trump,13254,87.2,REP
2019-04-25,Trump,13254,72.34,REP
2019-04-25,Trump,13254,69.54,REP
2019-04-25,Biden,13256,22.9,DEM
2019-04-25,Biden,13256,20.05,DEM
2019-04-25,Sanders,13257,16.8,DEM
2019-04-25,Sanders,13257,12.35,DEM
2019-04-25,Warren,13258,8.39,DEM
2019-04-25,Warren,13258,6.8,DEM
2019-04-25,O'Rourke,13276,21.7,DEM
2019-04-25,O'Rourke,13276,3.03,DEM
2019-04-25,Kasich,13278,9.14,REP
2019-04-25,Booker,13287,2.8,DEM
2019-04-25,Booker,13287,0.6,DEM
2019-04-25,Harris,13288,6.06,DEM
2019-04-25,Harris,13288,3.1,DEM
2019-04-25,Klobuchar,13310,3,DEM
2019-04-25,Klobuchar,13310,1.17,DEM
2019-04-25,Gillibrand,13311,0.5,DEM
2019-04-25,Gillibrand,13311,0.47,DEM
2019-04-25,Delaney,13314,0.7,DEM
2019-04-25,Castro,13316,4.4,DEM
2019-04-25,Castro,13316,0.23,DEM
2019-04-25,Bullock,13320,0.47,DEM
2019-04-25,Moulton,13322,0.23,DEM
2019-04-25,Moulton,13322,0,DEM
2019-04-25,Inslee,13324,0,DEM
2019-04-25,Hickenlooper,13326,0.6,DEM
2019-04-25,Hickenlooper,13326,0.23,DEM
2019-04-25,Swalwell,13328,0.23,DEM
2019-04-25,Swalwell,13328,0.1,DEM
2019-04-25,Yang,13329,3.2,DEM
2019-04-25,Yang,13329,1.17,DEM
2019-04-25,de Blasio,13335,0.23,DEM
2019-04-25,Gabbard,13343,1.17,DEM
2019-04-25,Gabbard,13343,0,DEM
2019-04-25,Buttigieg,13345,11.89,DEM
2019-04-25,Buttigieg,13345,8.4,DEM
2019-04-25,Williamson,13350,0.47,DEM
2019-04-25,Williamson,13350,0.1,DEM
2019-04-25,Weld,13351,16.5,REP
2019-04-25,Weld,13351,12.8,REP
2019-04-25,Weld,13351,7.87,REP
2019-04-25,Bennet,13352,0.23,DEM
2019-04-25,Hogan,13355,0.25,REP
2019-04-25,Messam,13357,0.23,DEM
2019-04-25,Messam,13357,0.1,DEM
2019-04-25,Ryan,13358,0.3,DEM
2019-04-25,Ryan,13358,0.23,DEM
2019-04-25,Gravel,13359,0.5,DEM
2019-04-25,Gravel,13359,0,DEM
2019-05-10,Trump,13254,85.8,REP
2019-05-10,Biden,13256,32.6,DEM
2019-05-10,Sanders,13257,24.9,DEM
2019-05-10,Warren,13258,9.7,DEM
2019-05-10,O'Rourke,13276,2.9,DEM
2019-05-10,Booker,13287,0.6,DEM
2019-05-10,Harris,13288,10.4,DEM
2019-05-10,Klobuchar,13310,0.6,DEM
2019-05-10,Gillibrand,13311,1.8,DEM
2019-05-10,Delaney,13314,0,DEM
2019-05-10,Castro,13316,2.1,DEM
2019-05-10,Moulton,13322,0.5,DEM
2019-05-10,Inslee,13324,0,DEM
2019-05-10,Hickenlooper,13326,0.3,DEM
2019-05-10,Swalwell,13328,0.2,DEM
2019-05-10,Yang,13329,1.1,DEM
2019-05-10,Gabbard,13343,1,DEM
2019-05-10,Buttigieg,13345,7.5,DEM
2019-05-10,Williamson,13350,0.3,DEM
2019-05-10,Weld,13351,14.2,REP
2019-05-10,Bennet,13352,0.7,DEM
2019-05-10,Messam,13357,0,DEM
2019-05-10,Ryan,13358,0.2,DEM
2019-05-10,Gravel,13359,0.9,DEM
2019-05-11,Biden,13256,35,DEM
2019-05-11,Sanders,13257,17,DEM
2019-05-11,Warren,13258,9,DEM
2019-05-11,O'Rourke,13276,4,DEM
2019-05-11,Booker,13287,3,DEM
2019-05-11,Harris,13288,5,DEM
2019-05-11,Klobuchar,13310,2,DEM
2019-05-11,Gillibrand,13311,0,DEM
2019-05-11,Delaney,13314,1,DEM
2019-05-11,Castro,13316,2,DEM
2019-05-11,Bullock,13320,0,DEM
2019-05-11,Moulton,13322,0,DEM
2019-05-11,Inslee,13324,1,DEM
2019-05-11,Hickenlooper,13326,0,DEM
2019-05-11,Swalwell,13328,0,DEM
2019-05-11,Yang,13329,1,DEM
2019-05-11,Gabbard,13343,1,DEM
2019-05-11,Buttigieg,13345,6,DEM
2019-05-11,Williamson,13350,1,DEM
2019-05-11,Bennet,13352,0,DEM
2019-05-11,Messam,13357,0,DEM
2019-05-11,Ryan,13358,1,DEM
2019-05-11,Gravel,13359,0,DEM
2019-05-31,Trump,13254,87.8,REP
2019-05-31,Biden,13256,38.5,DEM
2019-05-31,Sanders,13257,22.1,DEM
2019-05-31,Warren,13258,14.9,DEM
2019-05-31,O'Rourke,13276,3,DEM
2019-05-31,Booker,13287,0.7,DEM
2019-05-31,Harris,13288,4.9,DEM
2019-05-31,Klobuchar,13310,1.2,DEM
2019-05-31,Gillibrand,13311,0.6,DEM
2019-05-31,Delaney,13314,0,DEM
2019-05-31,Castro,13316,0,DEM
2019-05-31,Bullock,13320,0.1,DEM
2019-05-31,Moulton,13322,0,DEM
2019-05-31,Inslee,13324,0,DEM
2019-05-31,Hickenlooper,13326,0.1,DEM
2019-05-31,Swalwell,13328,0.2,DEM
2019-05-31,Yang,13329,1.1,DEM
2019-05-31,de Blasio,13335,0.8,DEM
2019-05-31,Gabbard,13343,0.3,DEM
2019-05-31,Buttigieg,13345,8.3,DEM
2019-05-31,Williamson,13350,0.3,DEM
2019-05-31,Weld,13351,12.2,REP
2019-05-31,Bennet,13352,0,DEM
2019-05-31,Messam,13357,0,DEM
2019-05-31,Ryan,13358,0.6,DEM
2019-05-31,Gravel,13359,0,DEM
2019-06-02,Gillibrand,13311,56,DEM
2019-06-02,de Blasio,13335,25,DEM
2019-06-05,Biden,13256,21.62,DEM
2019-06-05,Sanders,13257,6.22,DEM
2019-06-05,Warren,13258,10.27,DEM
2019-06-05,O'Rourke,13276,0.54,DEM
2019-06-05,Booker,13287,1.08,DEM
2019-06-05,Harris,13288,4.59,DEM
2019-06-05,Klobuchar,13310,0.27,DEM
2019-06-05,Gillibrand,13311,0,DEM
2019-06-05,Delaney,13314,0,DEM
2019-06-05,Castro,13316,0,DEM
2019-06-05,Bullock,13320,0.27,DEM
2019-06-05,Moulton,13322,1.08,DEM
2019-06-05,Inslee,13324,0,DEM
2019-06-05,Hickenlooper,13326,0,DEM
2019-06-05,Swalwell,13328,0,DEM
2019-06-05,Yang,13329,0.81,DEM
2019-06-05,de Blasio,13335,0,DEM
2019-06-05,Gabbard,13343,1.08,DEM
2019-06-05,Buttigieg,13345,8.38,DEM
2019-06-05,Williamson,13350,0,DEM
2019-06-05,Bennet,13352,0.27,DEM
2019-06-05,Messam,13357,0,DEM
2019-06-05,Ryan,13358,0,DEM
2019-06-05,Gravel,13359,0,DEM
2019-06-09,Biden,13256,32,DEM
2019-06-09,Sanders,13257,13,DEM
2019-06-09,Warren,13258,9,DEM
2019-06-09,O'Rourke,13276,4,DEM
2019-06-09,Booker,13287,3,DEM
2019-06-09,Harris,13288,8,DEM
2019-06-09,Klobuchar,13310,2,DEM
2019-06-09,Gillibrand,13311,1,DEM
2019-06-09,Delaney,13314,1,DEM
2019-06-09,Castro,13316,1,DEM
2019-06-09,Bullock,13320,0,DEM
2019-06-09,Moulton,13322,0,DEM
2019-06-09,Inslee,13324,0,DEM
2019-06-09,Hickenlooper,13326,0,DEM
2019-06-09,Swalwell,13328,0,DEM
2019-06-09,Yang,13329,2,DEM
2019-06-09,de Blasio,13335,0,DEM
2019-06-09,Gabbard,13343,1,DEM
2019-06-09,Buttigieg,13345,8,DEM
2019-06-09,Williamson,13350,0,DEM
2019-06-09,Bennet,13352,0,DEM
2019-06-09,Messam,13357,0,DEM
2019-06-09,Ryan,13358,1,DEM
2019-06-09,Gravel,13359,0,DEM
2019-06-11,Trump,13254,89.88,REP
2019-06-11,Biden,13256,30.13,DEM
2019-06-11,Sanders,13257,15.32,DEM
2019-06-11,Warren,13258,9.61,DEM
2019-06-11,O'Rourke,13276,2.34,DEM
2019-06-11,Booker,13287,2.08,DEM
2019-06-11,Harris,13288,8.31,DEM
2019-06-11,Klobuchar,13310,0.26,DEM
2019-06-11,Gillibrand,13311,0,DEM
2019-06-11,Delaney,13314,0,DEM
2019-06-11,Castro,13316,1.3,DEM
2019-06-11,Bullock,13320,0.52,DEM
2019-06-11,Moulton,13322,0.26,DEM
2019-06-11,Inslee,13324,0,DEM
2019-06-11,Hickenlooper,13326,1.04,DEM
2019-06-11,Swalwell,13328,0,DEM
2019-06-11,Yang,13329,0.52,DEM
2019-06-11,de Blasio,13335,0.26,DEM
2019-06-11,Gabbard,13343,0,DEM
2019-06-11,Buttigieg,13345,9.35,DEM
2019-06-11,Williamson,13350,0.26,DEM
2019-06-11,Weld,13351,4.6,REP
2019-06-11,Bennet,13352,0,DEM
2019-06-11,Messam,13357,0,DEM
2019-06-11,Ryan,13358,0.52,DEM
2019-06-11,Gravel,13359,0,DEM
2019-06-21,Trump,13254,83.4,REP
2019-06-21,Biden,13256,33.9,DEM
2019-06-21,Sanders,13257,27.1,DEM
2019-06-21,Warren,13258,14.2,DEM
2019-06-21,O'Rourke,13276,1,DEM
2019-06-21,Booker,13287,2.7,DEM
2019-06-21,Harris,13288,7,DEM
2019-06-21,Klobuchar,13310,0.7,DEM
2019-06-21,Gillibrand,13311,1.1,DEM
2019-06-21,Delaney,13314,0.4,DEM
2019-06-21,Castro,13316,0.1,DEM
2019-06-21,Bullock,13320,0,DEM
2019-06-21,Moulton,13322,0.1,DEM
2019-06-21,Inslee,13324,0.7,DEM
2019-06-21,Hickenlooper,13326,0.2,DEM
2019-06-21,Swalwell,13328,0,DEM
2019-06-21,Yang,13329,0.7,DEM
2019-06-21,de Blasio,13335,0.2,DEM
2019-06-21,Gabbard,13343,0.2,DEM
2019-06-21,Buttigieg,13345,6.3,DEM
2019-06-21,Williamson,13350,0.2,DEM
2019-06-21,Weld,13351,16.6,REP
2019-06-21,Bennet,13352,0.1,DEM
2019-06-21,Messam,13357,0,DEM
2019-06-21,Ryan,13358,0.2,DEM
2019-06-21,Gravel,13359,0.5,DEM
2019-06-28,Biden,13256,24,DEM
2019-06-28,Sanders,13257,9,DEM
2019-06-28,Warren,13258,13,DEM
2019-06-28,O'Rourke,13276,0.6,DEM
2019-06-28,Booker,13287,1.8,DEM
2019-06-28,Harris,13288,15.6,DEM
2019-06-28,Klobuchar,13310,2,DEM
2019-06-28,Gillibrand,13311,0.4,DEM
2019-06-28,Delaney,13314,0.6,DEM
2019-06-28,Castro,13316,0.6,DEM
2019-06-28,Bullock,13320,0,DEM
2019-06-28,Moulton,13322,0,DEM
2019-06-28,Inslee,13324,0.4,DEM
2019-06-28,Hickenlooper,13326,0.2,DEM
2019-06-28,Swalwell,13328,0,DEM
2019-06-28,Yang,13329,0.6,DEM
2019-06-28,de Blasio,13335,0,DEM
2019-06-28,Gabbard,13343,1.4,DEM
2019-06-28,Buttigieg,13345,6.2,DEM
2019-06-28,Williamson,13350,0.2,DEM
2019-06-28,Bennet,13352,0.6,DEM
2019-06-28,Messam,13357,0,DEM
2019-06-28,Ryan,13358,0,DEM
2019-06-28,Gravel,13359,0,DEM
2019-06-28,Sestak,13381,0,DEM
2019-07-06,Trump,13254,90.8,REP
2019-07-06,Biden,13256,29.7,DEM
2019-07-06,Sanders,13257,15.4,DEM
2019-07-06,Warren,13258,14.5,DEM
2019-07-06,O'Rourke,13276,4,DEM
2019-07-06,Booker,13287,1.5,DEM
2019-07-06,Harris,13288,15.2,DEM
2019-07-06,Klobuchar,13310,0.9,DEM
2019-07-06,Gillibrand,13311,0.2,DEM
2019-07-06,Delaney,13314,0.3,DEM
2019-07-06,Castro,13316,0.4,DEM
2019-07-06,Bullock,13320,0.5,DEM
2019-07-06,Moulton,13322,0,DEM
2019-07-06,Inslee,13324,0.5,DEM
2019-07-06,Hickenlooper,13326,0,DEM
2019-07-06,Swalwell,13328,1.2,DEM
2019-07-06,Yang,13329,3.2,DEM
2019-07-06,de Blasio,13335,0.4,DEM
2019-07-06,Gabbard,13343,1.7,DEM
2019-07-06,Buttigieg,13345,5.3,DEM
2019-07-06,Williamson,13350,0.1,DEM
2019-07-06,Weld,13351,9.2,REP
2019-07-06,Bennet,13352,1.2,DEM
2019-07-06,Messam,13357,0,DEM
2019-07-06,Ryan,13358,0.3,DEM
2019-07-06,Gravel,13359,0.6,DEM
2019-07-06,Sestak,13381,0.3,DEM
2019-07-07,Biden,13256,35,DEM
2019-07-07,Sanders,13257,14,DEM
2019-07-07,Warren,13258,5,DEM
2019-07-07,O'Rourke,13276,0,DEM
2019-07-07,Booker,13287,3,DEM
2019-07-07,Harris,13288,12,DEM
2019-07-07,Klobuchar,13310,0,DEM
2019-07-07,Gillibrand,13311,0,DEM
2019-07-07,Delaney,13314,1,DEM
2019-07-07,Castro,13316,0,DEM
2019-07-07,Bullock,13320,0,DEM
2019-07-07,Moulton,13322,0,DEM
2019-07-07,Inslee,13324,0,DEM
2019-07-07,Hickenlooper,13326,0,DEM
2019-07-07,Steyer,13327,0,DEM
2019-07-07,Yang,13329,1,DEM
2019-07-07,de Blasio,13335,0,DEM
2019-07-07,Gabbard,13343,0,DEM
2019-07-07,Buttigieg,13345,2,DEM
2019-07-07,Williamson,13350,1,DEM
2019-07-07,Bennet,13352,0,DEM
2019-07-07,Messam,13357,0,DEM
2019-07-07,Ryan,13358,0,DEM
2019-07-07,Sestak,13381,0,DEM
2019-07-21,Biden,13256,33,DEM
2019-07-21,Sanders,13257,15,DEM
2019-07-21,Warren,13258,12,DEM
2019-07-21,O'Rourke,13276,2,DEM
2019-07-21,Booker,13287,2,DEM
2019-07-21,Harris,13288,10,DEM
2019-07-21,Klobuchar,13310,3,DEM
2019-07-21,Gillibrand,13311,1,DEM
2019-07-21,Delaney,13314,1,DEM
2019-07-21,Castro,13316,1,DEM
2019-07-21,Bullock,13320,0,DEM
2019-07-21,Moulton,13322,0,DEM
2019-07-21,Inslee,13324,0,DEM
2019-07-21,Hickenlooper,13326,2,DEM
2019-07-21,Steyer,13327,1,DEM
2019-07-21,Yang,13329,3,DEM
2019-07-21,de Blasio,13335,1,DEM
2019-07-21,Gabbard,13343,0,DEM
2019-07-21,Buttigieg,13345,5,DEM
2019-07-21,Williamson,13350,0,DEM
2019-07-21,Bennet,13352,0,DEM
2019-07-21,Messam,13357,0,DEM
2019-07-21,Ryan,13358,0,DEM
2019-07-21,Sestak,13381,0,DEM
2019-07-27,Trump,13254,91.5,REP
2019-07-27,Biden,13256,32.8,DEM
2019-07-27,Sanders,13257,20.1,DEM
2019-07-27,Warren,13258,14.1,DEM
2019-07-27,O'Rourke,13276,4.1,DEM
2019-07-27,Booker,13287,0.4,DEM
2019-07-27,Harris,13288,10.9,DEM
2019-07-27,Klobuchar,13310,0.3,DEM
2019-07-27,Gillibrand,13311,1.3,DEM
2019-07-27,Delaney,13314,0.7,DEM
2019-07-27,Castro,13316,0.8,DEM
2019-07-27,Bullock,13320,0.3,DEM
2019-07-27,Moulton,13322,0.1,DEM
2019-07-27,Inslee,13324,0,DEM
2019-07-27,Hickenlooper,13326,0.5,DEM
2019-07-27,Steyer,13327,1.6,DEM
2019-07-27,Yang,13329,2,DEM
2019-07-27,de Blasio,13335,0.5,DEM
2019-07-27,Gabbard,13343,1.3,DEM
2019-07-27,Buttigieg,13345,6.2,DEM
2019-07-27,Williamson,13350,0.2,DEM
2019-07-27,Weld,13351,8.5,REP
2019-07-27,Bennet,13352,0.2,DEM
2019-07-27,Messam,13357,0,DEM
2019-07-27,Ryan,13358,0.1,DEM
2019-07-27,Gravel,13359,0.2,DEM
2019-07-27,Sestak,13381,0.2,DEM
2019-08-01,Trump,13254,89.8,REP
2019-08-01,Biden,13256,36,DEM
2019-08-01,Biden,13256,33,DEM
2019-08-01,Biden,13256,27.7,DEM
2019-08-01,Biden,13256,25,DEM
2019-08-01,Biden,13256,21.4,DEM
2019-08-01,Sanders,13257,20,DEM
2019-08-01,Sanders,13257,18,DEM
2019-08-01,Sanders,13257,16.8,DEM
2019-08-01,Sanders,13257,15.7,DEM
2019-08-01,Sanders,13257,15,DEM
2019-08-01,Warren,13258,21,DEM
2019-08-01,Warren,13258,19,DEM
2019-08-01,Warren,13258,13.7,DEM
2019-08-01,Warren,13258,13.6,DEM
2019-08-01,Warren,13258,13,DEM
2019-08-01,O'Rourke,13276,19,DEM
2019-08-01,O'Rourke,13276,1,DEM
2019-08-01,O'Rourke,13276,0.4,DEM
2019-08-01,O'Rourke,13276,0,DEM
2019-08-01,Booker,13287,1.6,DEM
2019-08-01,Booker,13287,1.4,DEM
2019-08-01,Booker,13287,1,DEM
2019-08-01,Harris,13288,17,DEM
2019-08-01,Harris,13288,9,DEM
2019-08-01,Harris,13288,8,DEM
2019-08-01,Harris,13288,5.3,DEM
2019-08-01,Klobuchar,13310,1,DEM
2019-08-01,Klobuchar,13310,0.8,DEM
2019-08-01,Klobuchar,13310,0.2,DEM
2019-08-01,Klobuchar,13310,0,DEM
2019-08-01,Gillibrand,13311,0.6,DEM
2019-08-01,Gillibrand,13311,0.1,DEM
2019-08-01,Gillibrand,13311,0,DEM
2019-08-01,Delaney,13314,1,DEM
2019-08-01,Delaney,13314,0,DEM
2019-08-01,Castro,13316,1.6,DEM
2019-08-01,Castro,13316,1,DEM
2019-08-01,Castro,13316,0.2,DEM
2019-08-01,Castro,13316,0,DEM
2019-08-01,Bullock,13320,0.2,DEM
2019-08-01,Bullock,13320,0,DEM
2019-08-01,Moulton,13322,0,DEM
2019-08-01,Inslee,13324,0,DEM
2019-08-01,Hickenlooper,13326,0.25,DEM
2019-08-01,Hickenlooper,13326,0,DEM
2019-08-01,Steyer,13327,0.6,DEM
2019-08-01,Steyer,13327,0.4,DEM
2019-08-01,Steyer,13327,0,DEM
2019-08-01,Yang,13329,3.1,DEM
2019-08-01,Yang,13329,1.4,DEM
2019-08-01,Yang,13329,1,DEM
2019-08-01,Yang,13329,0,DEM
2019-08-01,de Blasio,13335,0.1,DEM
2019-08-01,de Blasio,13335,0,DEM
2019-08-01,Gabbard,13343,3.2,DEM
2019-08-01,Gabbard,13343,1,DEM
2019-08-01,Gabbard,13343,0.8,DEM
2019-08-01,Gabbard,13343,0,DEM
2019-08-01,Buttigieg,13345,8,DEM
2019-08-01,Buttigieg,13345,7.2,DEM
2019-08-01,Buttigieg,13345,6,DEM
2019-08-01,Buttigieg,13345,5.8,DEM
2019-08-01,Buttigieg,13345,5,DEM
2019-08-01,Williamson,13350,0.6,DEM
2019-08-01,Williamson,13350,0.4,DEM
2019-08-01,Williamson,13350,0,DEM
2019-08-01,Weld,13351,10.2,REP
2019-08-01,Bennet,13352,1.6,DEM
2019-08-01,Bennet,13352,0.5,DEM
2019-08-01,Bennet,13352,0,DEM
2019-08-01,Messam,13357,0.9,DEM
2019-08-01,Messam,13357,0,DEM
2019-08-01,Ryan,13358,0.5,DEM
2019-08-01,Ryan,13358,0,DEM
2019-08-01,Gravel,13359,0,DEM
2019-08-01,Sestak,13381,0.2,DEM
2019-08-01,Sestak,13381,0,DEM
2019-08-11,Biden,13256,31,DEM
2019-08-11,Sanders,13257,10,DEM
2019-08-11,Warren,13258,20,DEM
2019-08-11,O'Rourke,13276,2,DEM
2019-08-11,Booker,13287,3,DEM
2019-08-11,Harris,13288,8,DEM
2019-08-11,Klobuchar,13310,2,DEM
2019-08-11,Gillibrand,13311,1,DEM
2019-08-11,Delaney,13314,1,DEM
2019-08-11,Castro,13316,1,DEM
2019-08-11,Bullock,13320,0,DEM
2019-08-11,Moulton,13322,0,DEM
2019-08-11,Inslee,13324,0,DEM
2019-08-11,Hickenlooper,13326,0,DEM
2019-08-11,Steyer,13327,1,DEM
2019-08-11,Yang,13329,3,DEM
2019-08-11,de Blasio,13335,1,DEM
2019-08-11,Gabbard,13343,1,DEM
2019-08-11,Buttigieg,13345,3,DEM
2019-08-11,Williamson,13350,1,DEM
2019-08-11,Bennet,13352,0,DEM
2019-08-11,Messam,13357,0,DEM
2019-08-11,Ryan,13358,0,DEM
2019-08-11,Sestak,13381,0,DEM
2019-08-16,Trump,13254,85.6,REP
2019-08-16,Biden,13256,24.5,DEM
2019-08-16,Sanders,13257,25.7,DEM
2019-08-16,Warren,13258,20.4,DEM
2019-08-16,O'Rourke,13276,0.9,DEM
2019-08-16,Booker,13287,2.3,DEM
2019-08-16,Harris,13288,12.9,DEM
2019-08-16,Klobuchar,13310,0.1,DEM
2019-08-16,Gillibrand,13311,0.3,DEM
2019-08-16,Delaney,13314,0.1,DEM
2019-08-16,Castro,13316,0,DEM
2019-08-16,Bullock,13320,0,DEM
2019-08-16,Moulton,13322,0,DEM
2019-08-16,Inslee,13324,0.3,DEM
2019-08-16,Steyer,13327,0,DEM
2019-08-16,Yang,13329,3.6,DEM
2019-08-16,de Blasio,13335,0.5,DEM
2019-08-16,Gabbard,13343,1.1,DEM
2019-08-16,Buttigieg,13345,4.7,DEM
2019-08-16,Williamson,13350,0.5,DEM
2019-08-16,Weld,13351,14.4,REP
2019-08-16,Bennet,13352,1,DEM
2019-08-16,Messam,13357,0,DEM
2019-08-16,Ryan,13358,0.4,DEM
2019-08-16,Sestak,13381,0.1,DEM
2019-08-20,Trump,13254,90.31,REP
2019-08-20,Biden,13256,32.31,DEM
2019-08-20,Sanders,13257,12.26,DEM
2019-08-20,Warren,13258,13.68,DEM
2019-08-20,O'Rourke,13276,2.12,DEM
2019-08-20,Booker,13287,1.65,DEM
2019-08-20,Harris,13288,6.13,DEM
2019-08-20,Klobuchar,13310,0,DEM
2019-08-20,Gillibrand,13311,0,DEM
2019-08-20,Delaney,13314,0,DEM
2019-08-20,Castro,13316,0.94,DEM
2019-08-20,Bullock,13320,0,DEM
2019-08-20,Steyer,13327,0.24,DEM
2019-08-20,Yang,13329,2.83,DEM
2019-08-20,de Blasio,13335,0,DEM
2019-08-20,Gabbard,13343,0.24,DEM
2019-08-20,Buttigieg,13345,6.37,DEM
2019-08-20,Williamson,13350,0.47,DEM
2019-08-20,Weld,13351,4.84,REP
2019-08-20,Bennet,13352,0.47,DEM
2019-08-20,Messam,13357,0,DEM
2019-08-20,Ryan,13358,0.71,DEM
2019-08-20,Sestak,13381,0,DEM
2019-08-24,Trump,13254,83.8,REP
2019-08-24,Biden,13256,31.2,DEM
2019-08-24,Sanders,13257,24.3,DEM
2019-08-24,Warren,13258,15.1,DEM
2019-08-24,O'Rourke,13276,2.4,DEM
2019-08-24,Booker,13287,2.9,DEM
2019-08-24,Harris,13288,9.8,DEM
2019-08-24,Klobuchar,13310,0.8,DEM
2019-08-24,Gillibrand,13311,0.2,DEM
2019-08-24,Delaney,13314,0.3,DEM
2019-08-24,Castro,13316,0.6,DEM
2019-08-24,Bullock,13320,0,DEM
2019-08-24,Steyer,13327,0,DEM
2019-08-24,Yang,13329,4.4,DEM
2019-08-24,de Blasio,13335,0.1,DEM
2019-08-24,Gabbard,13343,2.8,DEM
2019-08-24,Buttigieg,13345,3.1,DEM
2019-08-24,Williamson,13350,0.3,DEM
2019-08-24,Weld,13351,16.2,REP
2019-08-24,Bennet,13352,0,DEM
2019-08-24,Messam,13357,0.2,DEM
2019-08-24,Ryan,13358,0.1,DEM
2019-08-24,Sestak,13381,0.3,DEM
2019-09-03,Biden,13256,25.8,DEM
2019-09-03,Sanders,13257,8.4,DEM
2019-09-03,Warren,13258,23.6,DEM
2019-09-03,O'Rourke,13276,1,DEM
2019-09-03,Booker,13287,1.4,DEM
2019-09-03,Harris,13288,2.8,DEM
2019-09-03,Klobuchar,13310,0,DEM
2019-09-03,Delaney,13314,0,DEM
2019-09-03,Castro,13316,0.2,DEM
2019-09-03,Bullock,13320,1.2,DEM
2019-09-03,Steyer,13327,0,DEM
2019-09-03,Yang,13329,0.6,DEM
2019-09-03,de Blasio,13335,0.4,DEM
2019-09-03,Gabbard,13343,1.8,DEM
2019-09-03,Buttigieg,13345,5,DEM
2019-09-03,Williamson,13350,0,DEM
2019-09-03,Bennet,13352,1.2,DEM
2019-09-03,Messam,13357,0,DEM
2019-09-03,Ryan,13358,0.4,DEM
2019-09-03,Sestak,13381,0,DEM
2019-09-06,Trump,13254,80.4,REP
2019-09-06,Biden,13256,24.1,DEM
2019-09-06,Sanders,13257,12.9,DEM
2019-09-06,Warren,13258,20.5,DEM
2019-09-06,O'Rourke,13276,0.7,DEM
2019-09-06,Booker,13287,4.3,DEM
2019-09-06,Harris,13288,8.3,DEM
2019-09-06,Klobuchar,13310,1.1,DEM
2019-09-06,Delaney,13314,2.7,DEM
2019-09-06,Castro,13316,0.2,DEM
2019-09-06,Bullock,13320,0,DEM
2019-09-06,Steyer,13327,1.2,DEM
2019-09-06,Yang,13329,3.1,DEM
2019-09-06,de Blasio,13335,0.1,DEM
2019-09-06,Gabbard,13343,6.1,DEM
2019-09-06,Buttigieg,13345,10.8,DEM
2019-09-06,Williamson,13350,1.2,DEM
2019-09-06,Weld,13351,12.5,REP
2019-09-06,Bennet,13352,0,DEM
2019-09-06,Messam,13357,0.2,DEM
2019-09-06,Ryan,13358,0.1,DEM
2019-09-06,Sestak,13381,0,DEM
2019-09-06,Walsh,13482,7.1,REP
2019-09-08,Biden,13256,22,DEM
2019-09-08,Sanders,13257,15,DEM
2019-09-08,Warren,13258,17,DEM
2019-09-08,O'Rourke,13276,0,DEM
2019-09-08,Booker,13287,0,DEM
2019-09-08,Harris,13288,4,DEM
2019-09-08,Klobuchar,13310,1,DEM
2019-09-08,Castro,13316,0,DEM
2019-09-08,Yang,13329,1,DEM
2019-09-08,de Blasio,13335,0,DEM
2019-09-08,Gabbard,13343,1,DEM
2019-09-08,Buttigieg,13345,3,DEM
2019-09-13,Trump,13254,85.9,REP
2019-09-13,Biden,13256,33,DEM
2019-09-13,Biden,13256,27,DEM
2019-09-13,Biden,13256,25.8,DEM
2019-09-13,Sanders,13257,25.5,DEM
2019-09-13,Sanders,13257,18,DEM
2019-09-13,Sanders,13257,17,DEM
2019-09-13,Warren,13258,20.4,DEM
2019-09-13,Warren,13258,19,DEM
2019-09-13,Warren,13258,16,DEM
2019-09-13,O'Rourke,13276,4.8,DEM
2019-09-13,O'Rourke,13276,4,DEM
2019-09-13,O'Rourke,13276,2,DEM
2019-09-13,Booker,13287,4,DEM
2019-09-13,Booker,13287,2,DEM
2019-09-13,Booker,13287,1.4,DEM
2019-09-13,Harris,13288,13,DEM
2019-09-13,Harris,13288,6,DEM
2019-09-13,Harris,13288,5.6,DEM
2019-09-13,Klobuchar,13310,1,DEM
2019-09-13,Klobuchar,13310,0.3,DEM
2019-09-13,Delaney,13314,0.2,DEM
2019-09-13,Castro,13316,2,DEM
2019-09-13,Castro,13316,1,DEM
2019-09-13,Castro,13316,0.6,DEM
2019-09-13,Bullock,13320,0.3,DEM
2019-09-13,Steyer,13327,0.6,DEM
2019-09-13,Yang,13329,7,DEM
2019-09-13,Yang,13329,6.7,DEM
2019-09-13,Yang,13329,3,DEM
2019-09-13,de Blasio,13335,0,DEM
2019-09-13,Gabbard,13343,2.2,DEM
2019-09-13,Buttigieg,13345,5,DEM
2019-09-13,Buttigieg,13345,4.3,DEM
2019-09-13,Buttigieg,13345,3,DEM
2019-09-13,Williamson,13350,0.2,DEM
2019-09-13,Weld,13351,4.1,REP
2019-09-13,Bennet,13352,0.1,DEM
2019-09-13,Messam,13357,0.1,DEM
2019-09-13,Ryan,13358,0.1,DEM
2019-09-13,Sestak,13381,0,DEM
2019-09-13,Sanford,13384,6.1,REP
2019-09-13,Walsh,13482,4,REP
2019-09-15,Trump,13254,86,REP
2019-09-15,Biden,13256,53,DEM
2019-09-15,Biden,13256,29,DEM
2019-09-15,Sanders,13257,18,DEM
2019-09-15,Warren,13258,37,DEM
2019-09-15,Warren,13258,16,DEM
2019-09-15,O'Rourke,13276,4,DEM
2019-09-15,Booker,13287,3,DEM
2019-09-15,Harris,13288,7,DEM
2019-09-15,Klobuchar,13310,2,DEM
2019-09-15,Delaney,13314,1,DEM
2019-09-15,Castro,13316,0,DEM
2019-09-15,Bullock,13320,0,DEM
2019-09-15,Steyer,13327,1,DEM
2019-09-15,Yang,13329,2,DEM
2019-09-15,de Blasio,13335,0,DEM
2019-09-15,Gabbard,13343,0,DEM
2019-09-15,Buttigieg,13345,5,DEM
2019-09-15,Williamson,13350,0,DEM
2019-09-15,Weld,13351,2,REP
2019-09-15,Bennet,13352,1,DEM
2019-09-15,Messam,13357,0,DEM
2019-09-15,Ryan,13358,0,DEM
2019-09-15,Sestak,13381,0,DEM
2019-09-15,Sanford,13384,2,REP
2019-09-15,Walsh,13482,2,REP
2019-09-19,Biden,13256,23.2,DEM
2019-09-19,Sanders,13257,14.2,DEM
2019-09-19,Warren,13258,19.4,DEM
2019-09-19,O'Rourke,13276,1,DEM
2019-09-19,Booker,13287,2.4,DEM
2019-09-19,Harris,13288,3.8,DEM
2019-09-19,Klobuchar,13310,0.4,DEM
2019-09-19,Delaney,13314,0,DEM
2019-09-19,Castro,13316,0.8,DEM
2019-09-19,Bullock,13320,1,DEM
2019-09-19,Steyer,13327,2.8,DEM
2019-09-19,Yang,13329,3,DEM
2019-09-19,de Blasio,13335,0.2,DEM
2019-09-19,Gabbard,13343,0.8,DEM
2019-09-19,Buttigieg,13345,3.4,DEM
2019-09-19,Williamson,13350,0.2,DEM
2019-09-19,Bennet,13352,0.6,DEM
2019-09-19,Messam,13357,0,DEM
2019-09-19,Ryan,13358,0,DEM
2019-09-19,Sestak,13381,0.4,DEM
2019-09-21,Trump,13254,88.9,REP
2019-09-21,Biden,13256,25,DEM
2019-09-21,Sanders,13257,21.7,DEM
2019-09-21,Warren,13258,22.9,DEM
2019-09-21,O'Rourke,13276,1.2,DEM
2019-09-21,Booker,13287,2.3,DEM
2019-09-21,Harris,13288,4.1,DEM
2019-09-21,Klobuchar,13310,0.4,DEM
2019-09-21,Delaney,13314,0.3,DEM
2019-09-21,Castro,13316,1.9,DEM
2019-09-21,Bullock,13320,0,DEM
2019-09-21,Steyer,13327,0,DEM
2019-09-21,Yang,13329,8.1,DEM
2019-09-21,Gabbard,13343,0.9,DEM
2019-09-21,Buttigieg,13345,6.4,DEM
2019-09-21,Williamson,13350,0.6,DEM
2019-09-21,Weld,13351,3.7,REP
2019-09-21,Bennet,13352,0.3,DEM
2019-09-21,Messam,13357,0,DEM
2019-09-21,Ryan,13358,1,DEM
2019-09-21,Sestak,13381,0.9,DEM
2019-09-21,Sanford,13384,2.8,REP
2019-09-21,Walsh,13482,4.7,REP
2019-09-29,Trump,13254,86.9,REP
2019-09-29,Biden,13256,41,DEM
2019-09-29,Biden,13256,29.2,DEM
2019-09-29,Biden,13256,28,DEM
2019-09-29,Sanders,13257,26.6,DEM
2019-09-29,Sanders,13257,17,DEM
2019-09-29,Sanders,13257,10,DEM
2019-09-29,Warren,13258,22,DEM
2019-09-29,Warren,13258,20.6,DEM
2019-09-29,Warren,13258,12,DEM
2019-09-29,O'Rourke,13276,2.1,DEM
2019-09-29,O'Rourke,13276,1,DEM
2019-09-29,O'Rourke,13276,0,DEM
2019-09-29,Booker,13287,3,DEM
2019-09-29,Booker,13287,2,DEM
2019-09-29,Booker,13287,0.3,DEM
2019-09-29,Harris,13288,6.6,DEM
2019-09-29,Harris,13288,5,DEM
2019-09-29,Harris,13288,4,DEM
2019-09-29,Klobuchar,13310,2,DEM
2019-09-29,Klobuchar,13310,0.2,DEM
2019-09-29,Klobuchar,13310,0,DEM
2019-09-29,Delaney,13314,1.3,DEM
2019-09-29,Delaney,13314,0,DEM
2019-09-29,Castro,13316,0,DEM
2019-09-29,Bullock,13320,1,DEM
2019-09-29,Bullock,13320,0.5,DEM
2019-09-29,Bullock,13320,0,DEM
2019-09-29,Steyer,13327,4,DEM
2019-09-29,Steyer,13327,0.2,DEM
2019-09-29,Steyer,13327,0,DEM
2019-09-29,Yang,13329,3.3,DEM
2019-09-29,Yang,13329,2,DEM
2019-09-29,Yang,13329,1,DEM
2019-09-29,Gabbard,13343,1,DEM
2019-09-29,Gabbard,13343,0.7,DEM
2019-09-29,Buttigieg,13345,7,DEM
2019-09-29,Buttigieg,13345,5,DEM
2019-09-29,Buttigieg,13345,2,DEM
2019-09-29,Williamson,13350,1,DEM
2019-09-29,Williamson,13350,0.4,DEM
2019-09-29,Williamson,13350,0,DEM
2019-09-29,Weld,13351,5.3,REP
2019-09-29,Bennet,13352,1,DEM
2019-09-29,Bennet,13352,0.3,DEM
2019-09-29,Bennet,13352,0,DEM
2019-09-29,Messam,13357,0,DEM
2019-09-29,Ryan,13358,1,DEM
2019-09-29,Ryan,13358,0.4,DEM
2019-09-29,Ryan,13358,0,DEM
2019-09-29,Sestak,13381,0.2,DEM
2019-09-29,Sestak,13381,0,DEM
2019-09-29,Sanford,13384,2.4,REP
2019-09-29,Walsh,13482,5.3,REP
2019-10-06,Biden,13256,32,DEM
2019-10-06,Biden,13256,21,DEM
2019-10-06,Sanders,13257,17,DEM
2019-10-06,Sanders,13257,16,DEM
2019-10-06,Warren,13258,22,DEM
2019-10-06,Warren,13258,21,DEM
2019-10-06,O'Rourke,13276,3,DEM
2019-10-06,O'Rourke,13276,1,DEM
2019-10-06,Booker,13287,2,DEM
2019-10-06,Booker,13287,1,DEM
2019-10-06,Harris,13288,5,DEM
2019-10-06,Harris,13288,4,DEM
2019-10-06,Klobuchar,13310,2,DEM
2019-10-06,Klobuchar,13310,1,DEM
2019-10-06,Delaney,13314,0,DEM
2019-10-06,Castro,13316,1,DEM
2019-10-06,Bullock,13320,0,DEM
2019-10-06,Steyer,13327,1,DEM
2019-10-06,Yang,13329,3,DEM
2019-10-06,Yang,13329,2,DEM
2019-10-06,de Blasio,13335,0,DEM
2019-10-06,Gabbard,13343,1,DEM
2019-10-06,Gabbard,13343,0,DEM
2019-10-06,Buttigieg,13345,4,DEM
2019-10-06,Williamson,13350,1,DEM
2019-10-06,Bennet,13352,1,DEM
2019-10-06,Messam,13357,0,DEM
2019-10-06,Ryan,13358,1,DEM
2019-10-06,Sestak,13381,0,DEM
2019-10-13,Trump,13254,93.1,REP
2019-10-13,Biden,13256,22.8,DEM
2019-10-13,Sanders,13257,12.5,DEM
2019-10-13,Warren,13258,22.6,DEM
2019-10-13,O'Rourke,13276,0.3,DEM
2019-10-13,Booker,13287,2.5,DEM
2019-10-13,Harris,13288,2.2,DEM
2019-10-13,Klobuchar,13310,1.2,DEM
2019-10-13,Delaney,13314,0,DEM
2019-10-13,Castro,13316,0.4,DEM
2019-10-13,Bullock,13320,3.8,DEM
2019-10-13,Steyer,13327,2.4,DEM
2019-10-13,Yang,13329,4.6,DEM
2019-10-13,Gabbard,13343,2.2,DEM
2019-10-13,Buttigieg,13345,16.1,DEM
2019-10-13,Williamson,13350,1,DEM
2019-10-13,Weld,13351,3.6,REP
2019-10-13,Bennet,13352,0.9,DEM
2019-10-13,Messam,13357,0,DEM
2019-10-13,Ryan,13358,0,DEM
2019-10-13,Sestak,13381,0,DEM
2019-10-13,Sanford,13384,1,REP
2019-10-13,Walsh,13482,2.3,REP
2019-10-15,Biden,13256,33,DEM
2019-10-15,Biden,13256,32,DEM
2019-10-15,Sanders,13257,17,DEM
2019-10-15,Warren,13258,22,DEM
2019-10-15,Warren,13258,18,DEM
2019-10-15,O'Rourke,13276,2,DEM
2019-10-15,Booker,13287,2,DEM
2019-10-15,Harris,13288,8,DEM
2019-10-15,Harris,13288,7,DEM
2019-10-15,Klobuchar,13310,2,DEM
2019-10-15,Klobuchar,13310,1,DEM
2019-10-15,Castro,13316,1,DEM
2019-10-15,Steyer,13327,1,DEM
2019-10-15,Yang,13329,4,DEM
2019-10-15,Yang,13329,2,DEM
2019-10-15,Gabbard,13343,1,DEM
2019-10-15,Buttigieg,13345,5,DEM
2019-10-15,Buttigieg,13345,4,DEM
2019-10-16,Biden,13256,17.6,DEM
2019-10-16,Sanders,13257,9,DEM
2019-10-16,Warren,13258,16.8,DEM
2019-10-16,O'Rourke,13276,0.6,DEM
2019-10-16,Booker,13287,0.8,DEM
2019-10-16,Harris,13288,2.6,DEM
2019-10-16,Klobuchar,13310,2.6,DEM
2019-10-16,Delaney,13314,0.2,DEM
2019-10-16,Castro,13316,0,DEM
2019-10-16,Bullock,13320,0,DEM
2019-10-16,Steyer,13327,3,DEM
2019-10-16,Yang,13329,1.2,DEM
2019-10-16,Gabbard,13343,2.6,DEM
2019-10-16,Buttigieg,13345,13.2,DEM
2019-10-16,Williamson,13350,0.2,DEM
2019-10-16,Bennet,13352,0,DEM
2019-10-16,Messam,13357,0,DEM
2019-10-16,Ryan,13358,0.2,DEM
2019-10-16,Sestak,13381,0,DEM
2019-10-18,Trump,13254,90.6,REP
2019-10-18,Biden,13256,27.4,DEM
2019-10-18,Sanders,13257,24.5,DEM
2019-10-18,Warren,13258,21.2,DEM
2019-10-18,O'Rourke,13276,1.5,DEM
2019-10-18,Booker,13287,2.5,DEM
2019-10-18,Harris,13288,4.6,DEM
2019-10-18,Klobuchar,13310,1,DEM
2019-10-18,Delaney,13314,0.2,DEM
2019-10-18,Castro,13316,0,DEM
2019-10-18,Bullock,13320,0.1,DEM
2019-10-18,Steyer,13327,0.5,DEM
2019-10-18,Yang,13329,4.4,DEM
2019-10-18,Gabbard,13343,2.8,DEM
2019-10-18,Buttigieg,13345,6.4,DEM
2019-10-18,Williamson,13350,0.2,DEM
2019-10-18,Weld,13351,5,REP
2019-10-18,Bennet,13352,0.1,DEM
2019-10-18,Ryan,13358,0.2,DEM
2019-10-18,Sestak,13381,0.3,DEM
2019-10-18,Sanford,13384,2.7,REP
2019-10-18,Walsh,13482,1.8,REP
2019-10-23,Trump,13254,85.45,REP
2019-10-23,Biden,13256,26.07,DEM
2019-10-23,Sanders,13257,12.53,DEM
2019-10-23,Warren,13258,16.79,DEM
2019-10-23,O'Rourke,13276,0.25,DEM
2019-10-23,Booker,13287,2.26,DEM
2019-10-23,Harris,13288,2.51,DEM
2019-10-23,Klobuchar,13310,1.75,DEM
2019-10-23,Delaney,13314,0,DEM
2019-10-23,Castro,13316,0.25,DEM
2019-10-23,Bullock,13320,0,DEM
2019-10-23,Steyer,13327,1,DEM
2019-10-23,Yang,13329,2.51,DEM
2019-10-23,Gabbard,13343,3.51,DEM
2019-10-23,Buttigieg,13345,9.77,DEM
2019-10-23,Williamson,13350,0.75,DEM
2019-10-23,Weld,13351,2.17,REP
2019-10-23,Bennet,13352,0.25,DEM
2019-10-23,Messam,13357,0.25,DEM
2019-10-23,Sestak,13381,0.25,DEM
2019-10-23,Sanford,13384,0.93,REP
2019-10-23,Walsh,13482,0.62,REP
2019-10-25,Trump,13254,88.2,REP
2019-10-25,Biden,13256,27.9,DEM
2019-10-25,Sanders,13257,20.9,DEM
2019-10-25,Warren,13258,21.3,DEM
2019-10-25,O'Rourke,13276,1.7,DEM
2019-10-25,Booker,13287,0,DEM
2019-10-25,Harris,13288,3.8,DEM
2019-10-25,Klobuchar,13310,1.8,DEM
2019-10-25,Delaney,13314,0,DEM
2019-10-25,Castro,13316,0,DEM
2019-10-25,Bullock,13320,0.2,DEM
2019-10-25,Steyer,13327,0.1,DEM
2019-10-25,Yang,13329,5.1,DEM
2019-10-25,Gabbard,13343,2.3,DEM
2019-10-25,Buttigieg,13345,11.9,DEM
2019-10-25,Williamson,13350,0,DEM
2019-10-25,Weld,13351,3.9,REP
2019-10-25,Bennet,13352,0.4,DEM
2019-10-25,Sestak,13381,0.9,DEM
2019-10-25,Sanford,13384,4.6,REP
2019-10-25,Walsh,13482,3.4,REP
2019-10-27,Biden,13256,31,DEM
2019-10-27,Sanders,13257,19,DEM
2019-10-27,Warren,13258,21,DEM
2019-10-27,O'Rourke,13276,2,DEM
2019-10-27,Booker,13287,2,DEM
2019-10-27,Harris,13288,3,DEM
2019-10-27,Klobuchar,13310,2,DEM
2019-10-27,Delaney,13314,0,DEM
2019-10-27,Castro,13316,0,DEM
2019-10-27,Bullock,13320,0,DEM
2019-10-27,Steyer,13327,1,DEM
2019-10-27,Yang,13329,3,DEM
2019-10-27,Gabbard,13343,2,DEM
2019-10-27,Buttigieg,13345,7,DEM
2019-10-27,Williamson,13350,0,DEM
2019-10-27,Bennet,13352,0,DEM
2019-10-27,Messam,13357,0,DEM
2019-10-27,Sestak,13381,0,DEM
2019-10-31,Trump,13254,92.4,REP
2019-10-31,Biden,13256,33.5,DEM
2019-10-31,Biden,13256,29.9,DEM
2019-10-31,Sanders,13257,27.6,DEM
2019-10-31,Sanders,13257,18.8,DEM
2019-10-31,Warren,13258,22.2,DEM
2019-10-31,Warren,13258,19,DEM
2019-10-31,O'Rourke,13276,0,DEM
2019-10-31,Booker,13287,2.5,DEM
2019-10-31,Booker,13287,0.7,DEM
2019-10-31,Harris,13288,5.1,DEM
2019-10-31,Harris,13288,2.9,DEM
2019-10-31,Klobuchar,13310,0.7,DEM
2019-10-31,Klobuchar,13310,0.3,DEM
2019-10-31,Delaney,13314,0.2,DEM
2019-10-31,Delaney,13314,0,DEM
2019-10-31,Castro,13316,0.5,DEM
2019-10-31,Castro,13316,0.2,DEM
2019-10-31,Bullock,13320,0.4,DEM
2019-10-31,Bullock,13320,0,DEM
2019-10-31,Steyer,13327,3.2,DEM
2019-10-31,Steyer,13327,0,DEM
2019-10-31,Yang,13329,5.4,DEM
2019-10-31,Yang,13329,2.3,DEM
2019-10-31,Gabbard,13343,1.3,DEM
2019-10-31,Gabbard,13343,0.9,DEM
2019-10-31,Buttigieg,13345,7.9,DEM
2019-10-31,Buttigieg,13345,4.9,DEM
2019-10-31,Williamson,13350,0,DEM
2019-10-31,Weld,13351,2.7,REP
2019-10-31,Weld,13351,2.6,REP
2019-10-31,Bennet,13352,0.7,DEM
2019-10-31,Bennet,13352,0.2,DEM
2019-10-31,Sestak,13381,0,DEM
2019-10-31,Sanford,13384,2.4,REP
2019-10-31,Sanford,13384,1.8,REP
2019-10-31,Walsh,13482,3.2,REP
2019-10-31,Walsh,13482,2.6,REP
2019-11-10,Biden,13256,37,DEM
2019-11-10,Biden,13256,24,DEM
2019-11-10,Sanders,13257,18,DEM
2019-11-10,Sanders,13257,14,DEM
2019-11-10,Warren,13258,18,DEM
2019-11-10,Warren,13258,15,DEM
2019-11-10,Booker,13287,2,DEM
2019-11-10,Booker,13287,1,DEM
2019-11-10,Harris,13288,4,DEM
2019-11-10,Klobuchar,13310,2,DEM
2019-11-10,Klobuchar,13310,1,DEM
2019-11-10,Delaney,13314,0,DEM
2019-11-10,Castro,13316,1,DEM
2019-11-10,Castro,13316,0,DEM
2019-11-10,Bullock,13320,1,DEM
2019-11-10,Bullock,13320,0,DEM
2019-11-10,Steyer,13327,5,DEM
2019-11-10,Steyer,13327,2,DEM
2019-11-10,Yang,13329,3,DEM
2019-11-10,Yang,13329,2,DEM
2019-11-10,Gabbard,13343,2,DEM
2019-11-10,Buttigieg,13345,8,DEM
2019-11-10,Buttigieg,13345,6,DEM
2019-11-10,Williamson,13350,0,DEM
2019-11-10,Bennet,13352,1,DEM
2019-11-10,Bennet,13352,0,DEM
2019-11-10,Messam,13357,0,DEM
2019-11-10,Sestak,13381,0,DEM
2019-11-12,Biden,13256,24,DEM
2019-11-12,Sanders,13257,13,DEM
2019-11-12,Warren,13258,14,DEM
2019-11-12,O'Rourke,13276,0,DEM
2019-11-12,Booker,13287,2,DEM
2019-11-12,Harris,13288,3,DEM
2019-11-12,Klobuchar,13310,1,DEM
2019-11-12,Delaney,13314,0,DEM
2019-11-12,Patrick,13315,0,DEM
2019-11-12,Castro,13316,1,DEM
2019-11-12,Bullock,13320,0,DEM
2019-11-12,Steyer,13327,0,DEM
2019-11-12,Yang,13329,2,DEM
2019-11-12,de Blasio,13335,0,DEM
2019-11-12,Gabbard,13343,1,DEM
2019-11-12,Buttigieg,13345,5,DEM
2019-11-12,Williamson,13350,0,DEM
2019-11-12,Bennet,13352,1,DEM
2019-11-12,Messam,13357,0,DEM
2019-11-12,Ryan,13358,0,DEM
2019-11-12,Sestak,13381,0,DEM
2019-11-15,Biden,13256,39,DEM
2019-11-15,Biden,13256,36,DEM
2019-11-15,Sanders,13257,18,DEM
2019-11-15,Sanders,13257,17,DEM
2019-11-15,Warren,13258,14,DEM
2019-11-15,Harris,13288,7,DEM
2019-11-15,Harris,13288,6,DEM
2019-11-15,Bloomberg,13289,6,DEM
2019-11-15,Buttigieg,13345,7,DEM
2019-11-17,Trump,13254,93.2,REP
2019-11-17,Biden,13256,27.4,DEM
2019-11-17,Sanders,13257,26.5,DEM
2019-11-17,Warren,13258,19.5,DEM
2019-11-17,Booker,13287,0.7,DEM
2019-11-17,Harris,13288,3.4,DEM
2019-11-17,Bloomberg,13289,0.8,DEM
2019-11-17,Klobuchar,13310,1.4,DEM
2019-11-17,Delaney,13314,0.2,DEM
2019-11-17,Patrick,13315,0.3,DEM
2019-11-17,Castro,13316,0.7,DEM
2019-11-17,Bullock,13320,0,DEM
2019-11-17,Steyer,13327,1.7,DEM
2019-11-17,Yang,13329,4,DEM
2019-11-17,Gabbard,13343,2.3,DEM
2019-11-17,Buttigieg,13345,7.4,DEM
2019-11-17,Williamson,13350,0.1,DEM
2019-11-17,Weld,13351,2.7,REP
2019-11-17,Bennet,13352,0,DEM
2019-11-17,Sestak,13381,0.8,DEM
2019-11-17,Walsh,13482,4.1,REP
2019-11-20,Biden,13256,32,DEM
2019-11-20,Biden,13256,30,DEM
2019-11-20,Biden,13256,28,DEM
2019-11-20,Sanders,13257,19,DEM
2019-11-20,Sanders,13257,18,DEM
2019-11-20,Sanders,13257,17,DEM
2019-11-20,Warren,13258,16,DEM
2019-11-20,Warren,13258,15,DEM
2019-11-20,Warren,13258,13,DEM
2019-11-20,Booker,13287,3,DEM
2019-11-20,Booker,13287,2,DEM
2019-11-20,Harris,13288,10,DEM
2019-11-20,Harris,13288,5,DEM
2019-11-20,Bloomberg,13289,3,DEM
2019-11-20,Klobuchar,13310,2,DEM
2019-11-20,Klobuchar,13310,1,DEM
2019-11-20,Patrick,13315,1,DEM
2019-11-20,Patrick,13315,0,DEM
2019-11-20,Castro,13316,1,DEM
2019-11-20,Steyer,13327,3,DEM
2019-11-20,Steyer,13327,2,DEM
2019-11-20,Yang,13329,5,DEM
2019-11-20,Yang,13329,4,DEM
2019-11-20,Gabbard,13343,2,DEM
2019-11-20,Gabbard,13343,1,DEM
2019-11-20,Buttigieg,13345,12,DEM
2019-11-20,Buttigieg,13345,11,DEM
2019-11-20,Buttigieg,13345,9,DEM
2019-11-20,Buttigieg,13345,8,DEM
2019-11-21,Biden,13256,12,DEM
2019-11-21,Sanders,13257,15.6,DEM
2019-11-21,Warren,13258,13.8,DEM
2019-11-21,Booker,13287,2.2,DEM
2019-11-21,Harris,13288,2.8,DEM
2019-11-21,Klobuchar,13310,1.2,DEM
2019-11-21,Delaney,13314,0.6,DEM
2019-11-21,Patrick,13315,1.2,DEM
2019-11-21,Castro,13316,0.6,DEM
2019-11-21,Bullock,13320,0.6,DEM
2019-11-21,Steyer,13327,2,DEM
2019-11-21,Yang,13329,3.8,DEM
2019-11-21,Gabbard,13343,6.2,DEM
2019-11-21,Buttigieg,13345,13.4,DEM
2019-11-21,Williamson,13350,0.2,DEM
2019-11-21,Bennet,13352,0,DEM
2019-11-21,Sestak,13381,0,DEM
2019-11-22,Trump,13254,84.1,REP
2019-11-22,Biden,13256,13.8,DEM
2019-11-22,Sanders,13257,26.3,DEM
2019-11-22,Warren,13258,13.6,DEM
2019-11-22,Booker,13287,2,DEM
2019-11-22,Harris,13288,3.8,DEM
2019-11-22,Bloomberg,13289,0.6,DEM
2019-11-22,Klobuchar,13310,2.4,DEM
2019-11-22,Delaney,13314,0.1,DEM
2019-11-22,Patrick,13315,0.1,DEM
2019-11-22,Castro,13316,0.1,DEM
2019-11-22,Bullock,13320,0.1,DEM
2019-11-22,Steyer,13327,2.5,DEM
2019-11-22,Yang,13329,4.6,DEM
2019-11-22,Gabbard,13343,5.9,DEM
2019-11-22,Buttigieg,13345,21.9,DEM
2019-11-22,Williamson,13350,0.5,DEM
2019-11-22,Weld,13351,13.3,REP
2019-11-22,Bennet,13352,0,DEM
2019-11-22,Sestak,13381,0,DEM
2019-11-22,Walsh,13482,2.6,REP
2019-12-07,Biden,13256,23.3,DEM
2019-12-07,Sanders,13257,21.7,DEM
2019-12-07,Warren,13258,12.2,DEM
2019-12-07,Booker,13287,3.6,DEM
2019-12-07,Bloomberg,13289,1.9,DEM
2019-12-07,Klobuchar,13310,10.1,DEM
2019-12-07,Delaney,13314,0,DEM
2019-12-07,Patrick,13315,0,DEM
2019-12-07,Castro,13316,0,DEM
2019-12-07,Steyer,13327,3.4,DEM
2019-12-07,Yang,13329,1.7,DEM
2019-12-07,Gabbard,13343,1.7,DEM
2019-12-07,Buttigieg,13345,17.9,DEM
2019-12-07,Williamson,13350,0,DEM
2019-12-07,Bennet,13352,0,DEM
2019-12-08,Biden,13256,30,DEM
2019-12-08,Sanders,13257,20,DEM
2019-12-08,Warren,13258,13,DEM
2019-12-08,Booker,13287,2,DEM
2019-12-08,Bloomberg,13289,5,DEM
2019-12-08,Klobuchar,13310,5,DEM
2019-12-08,Delaney,13314,0,DEM
2019-12-08,Patrick,13315,0,DEM
2019-12-08,Castro,13316,1,DEM
2019-12-08,Steyer,13327,1,DEM
2019-12-08,Yang,13329,3,DEM
2019-12-08,Gabbard,13343,3,DEM
2019-12-08,Buttigieg,13345,7,DEM
2019-12-08,Williamson,13350,1,DEM
2019-12-08,Bennet,13352,1,DEM
2019-12-10,Trump,13254,88.45,REP
2019-12-10,Biden,13256,23.18,DEM
2019-12-10,Sanders,13257,14.06,DEM
2019-12-10,Warren,13258,12.76,DEM
2019-12-10,Booker,13287,2.6,DEM
2019-12-10,Bloomberg,13289,5.99,DEM
2019-12-10,Klobuchar,13310,3.39,DEM
2019-12-10,Delaney,13314,0,DEM
2019-12-10,Patrick,13315,0.26,DEM
2019-12-10,Castro,13316,0,DEM
2019-12-10,Steyer,13327,0.78,DEM
2019-12-10,Yang,13329,2.08,DEM
2019-12-10,Gabbard,13343,0.52,DEM
2019-12-10,Buttigieg,13345,8.33,DEM
2019-12-10,Williamson,13350,0,DEM
2019-12-10,Weld,13351,2.43,REP
2019-12-10,Bennet,13352,0,DEM
2019-12-10,Walsh,13482,2.13,REP
2019-12-15,Trump,13254,90,REP
2019-12-15,Biden,13256,32.1,DEM
2019-12-15,Sanders,13257,24.7,DEM
2019-12-15,Warren,13258,12.4,DEM
2019-12-15,Booker,13287,2,DEM
2019-12-15,Bloomberg,13289,2.8,DEM
2019-12-15,Klobuchar,13310,2,DEM
2019-12-15,Delaney,13314,0.9,DEM
2019-12-15,Patrick,13315,0.1,DEM
2019-12-15,Castro,13316,0.2,DEM
2019-12-15,Steyer,13327,1.7,DEM
2019-12-15,Yang,13329,6.3,DEM
2019-12-15,Gabbard,13343,3.9,DEM
2019-12-15,Buttigieg,13345,7.7,DEM
2019-12-15,Williamson,13350,0.4,DEM
2019-12-15,Weld,13351,4.7,REP
2019-12-15,Bennet,13352,0.3,DEM
2019-12-15,Walsh,13482,5.4,REP
2020-01-03,Trump,13254,86.9,REP
2020-01-03,Biden,13256,26.7,DEM
2020-01-03,Sanders,13257,28.2,DEM
2020-01-03,Warren,13258,8.4,DEM
2020-01-03,Booker,13287,1.8,DEM
2020-01-03,Bloomberg,13289,2.8,DEM
2020-01-03,Klobuchar,13310,2.1,DEM
2020-01-03,Delaney,13314,0.4,DEM
2020-01-03,Patrick,13315,0,DEM
2020-01-03,Castro,13316,0,DEM
2020-01-03,Steyer,13327,1,DEM
2020-01-03,Yang,13329,10.2,DEM
2020-01-03,Gabbard,13343,1.8,DEM
2020-01-03,Buttigieg,13345,6.5,DEM
2020-01-03,Williamson,13350,0,DEM
2020-01-03,Weld,13351,5.3,REP
2020-01-03,Bennet,13352,0.1,DEM
2020-01-03,Walsh,13482,7.8,REP
2020-01-05,Biden,13256,36,DEM
2020-01-05,Biden,13256,23,DEM
2020-01-05,Sanders,13257,21,DEM
2020-01-05,Sanders,13257,17,DEM
2020-01-05,Sanders,13257,14,DEM
2020-01-05,Warren,13258,13,DEM
2020-01-05,Warren,13258,12,DEM
2020-01-05,Warren,13258,10,DEM
2020-01-05,Booker,13287,3,DEM
2020-01-05,Booker,13287,2,DEM
2020-01-05,Bloomberg,13289,7,DEM
2020-01-05,Bloomberg,13289,2,DEM
2020-01-05,Klobuchar,13310,4,DEM
2020-01-05,Klobuchar,13310,2,DEM
2020-01-05,Klobuchar,13310,1,DEM
2020-01-05,Delaney,13314,0,DEM
2020-01-05,Patrick,13315,0,DEM
2020-01-05,Steyer,13327,15,DEM
2020-01-05,Steyer,13327,12,DEM
2020-01-05,Steyer,13327,2,DEM
2020-01-05,Yang,13329,4,DEM
2020-01-05,Yang,13329,3,DEM
2020-01-05,Yang,13329,2,DEM
2020-01-05,Gabbard,13343,2,DEM
2020-01-05,Gabbard,13343,1,DEM
2020-01-05,Buttigieg,13345,9,DEM
2020-01-05,Buttigieg,13345,6,DEM
2020-01-05,Buttigieg,13345,4,DEM
2020-01-05,Williamson,13350,1,DEM
2020-01-05,Williamson,13350,0,DEM
2020-01-05,Bennet,13352,0,DEM
2020-01-08,Biden,13256,19.4,DEM
2020-01-08,Sanders,13257,17.6,DEM
2020-01-08,Warren,13258,10.6,DEM
2020-01-08,Booker,13287,2.2,DEM
2020-01-08,Klobuchar,13310,3.6,DEM
2020-01-08,Delaney,13314,1,DEM
2020-01-08,Patrick,13315,0.4,DEM
2020-01-08,Steyer,13327,7.6,DEM
2020-01-08,Yang,13329,4.4,DEM
2020-01-08,Gabbard,13343,1.2,DEM
2020-01-08,Buttigieg,13345,8.2,DEM
2020-01-08,Williamson,13350,0,DEM
2020-01-08,Bennet,13352,0,DEM
2020-01-13,Biden,13256,14.1,DEM
2020-01-13,Sanders,13257,22.9,DEM
2020-01-13,Warren,13258,13.5,DEM
2020-01-13,Bloomberg,13289,0,DEM
2020-01-13,Klobuchar,13310,10,DEM
2020-01-13,Delaney,13314,0.6,DEM
2020-01-13,Patrick,13315,0.3,DEM
2020-01-13,Steyer,13327,4.4,DEM
2020-01-13,Yang,13329,6.3,DEM
2020-01-13,Gabbard,13343,4.8,DEM
2020-01-13,Buttigieg,13345,17.7,DEM
2020-01-13,Bennet,13352,0,DEM
2020-01-14,Biden,13256,32,DEM
2020-01-14,Biden,13256,30,DEM
2020-01-14,Sanders,13257,21,DEM
2020-01-14,Sanders,13257,20,DEM
2020-01-14,Warren,13258,20,DEM
2020-01-14,Warren,13258,14,DEM
2020-01-14,Bloomberg,13289,9,DEM
2020-01-14,Bloomberg,13289,6,DEM
2020-01-14,Klobuchar,13310,2,DEM
2020-01-14,Steyer,13327,4,DEM
2020-01-14,Steyer,13327,3,DEM
2020-01-14,Yang,13329,4,DEM
2020-01-14,Gabbard,13343,2,DEM
2020-01-14,Buttigieg,13345,9,DEM
2020-01-14,Buttigieg,13345,8,DEM
2020-01-15,Biden,13256,14.8,DEM
2020-01-15,Sanders,13257,16.4,DEM
2020-01-15,Warren,13258,9.8,DEM
2020-01-15,Klobuchar,13310,4.6,DEM
2020-01-15,Delaney,13314,0,DEM
2020-01-15,Patrick,13315,0.6,DEM
2020-01-15,Steyer,13327,2.6,DEM
2020-01-15,Yang,13329,5.6,DEM
2020-01-15,Gabbard,13343,5.4,DEM
2020-01-15,Buttigieg,13345,12.2,DEM
2020-01-15,Bennet,13352,1.4,DEM
2020-01-16,Trump,13254,92.8,REP
2020-01-16,Biden,13256,28.3,DEM
2020-01-16,Sanders,13257,24.7,DEM
2020-01-16,Warren,13258,15.3,DEM
2020-01-16,Bloomberg,13289,8.5,DEM
2020-01-16,Klobuchar,13310,3.8,DEM
2020-01-16,Delaney,13314,2.3,DEM
2020-01-16,Patrick,13315,0,DEM
2020-01-16,Steyer,13327,0.4,DEM
2020-01-16,Yang,13329,5.6,DEM
2020-01-16,Gabbard,13343,2.6,DEM
2020-01-16,Buttigieg,13345,6.2,DEM
2020-01-16,Weld,13351,3.7,REP
2020-01-16,Bennet,13352,0.1,DEM
2020-01-16,Walsh,13482,3.6,REP
2020-01-18,Biden,13256,12.12,DEM
2020-01-18,Sanders,13257,26.52,DEM
2020-01-18,Warren,13258,14.39,DEM
2020-01-18,Bloomberg,13289,9.85,DEM
2020-01-18,Klobuchar,13310,3.03,DEM
2020-01-18,Patrick,13315,0,DEM
2020-01-18,Steyer,13327,0.76,DEM
2020-01-18,Yang,13329,4.55,DEM
2020-01-18,Gabbard,13343,0.76,DEM
2020-01-18,Buttigieg,13345,4.55,DEM
2020-01-18,Bennet,13352,0,DEM
2020-01-18,Bloxham,13655,0,DEM
2020-01-18,De La Fuente,13656,0,DEM
2020-01-19,Biden,13256,26,DEM
2020-01-19,Sanders,13257,23,DEM
2020-01-19,Warren,13258,14,DEM
2020-01-19,Bloomberg,13289,10,DEM
2020-01-19,Klobuchar,13310,3,DEM
2020-01-19,Delaney,13314,0,DEM
2020-01-19,Patrick,13315,1,DEM
2020-01-19,Steyer,13327,3,DEM
2020-01-19,Yang,13329,5,DEM
2020-01-19,Gabbard,13343,0,DEM
2020-01-19,Buttigieg,13345,7,DEM
2020-01-19,Bennet,13352,0,DEM
2020-01-21,Trump,13254,91.7,REP
2020-01-21,Biden,13256,30,DEM
2020-01-21,Sanders,13257,27.3,DEM
2020-01-21,Warren,13258,12.8,DEM
2020-01-21,Bloomberg,13289,7.4,DEM
2020-01-21,Klobuchar,13310,3.5,DEM
2020-01-21,Delaney,13314,0.5,DEM
2020-01-21,Patrick,13315,0,DEM
2020-01-21,Steyer,13327,1.3,DEM
2020-01-21,Yang,13329,7.7,DEM
2020-01-21,Gabbard,13343,1.2,DEM
2020-01-21,Buttigieg,13345,5.5,DEM
2020-01-21,Weld,13351,6,REP
2020-01-21,Bennet,13352,0.5,DEM
2020-01-21,Walsh,13482,2.4,REP
2020-01-23,Biden,13256,25.4,DEM
2020-01-23,Biden,13256,20.9,DEM
2020-01-23,Sanders,13257,29.8,DEM
2020-01-23,Sanders,13257,18.6,DEM
2020-01-23,Warren,13258,13.2,DEM
2020-01-23,Warren,13258,10.8,DEM
2020-01-23,Klobuchar,13310,12.5,DEM
2020-01-23,Klobuchar,13310,5.6,DEM
2020-01-23,Delaney,13314,0.6,DEM
2020-01-23,Delaney,13314,0,DEM
2020-01-23,Patrick,13315,0.2,DEM
2020-01-23,Patrick,13315,0,DEM
2020-01-23,Steyer,13327,5,DEM
2020-01-23,Steyer,13327,2.2,DEM
2020-01-23,Yang,13329,4.9,DEM
2020-01-23,Yang,13329,3,DEM
2020-01-23,Gabbard,13343,4.5,DEM
2020-01-23,Gabbard,13343,0.8,DEM
2020-01-23,Buttigieg,13345,17.6,DEM
2020-01-23,Buttigieg,13345,10.3,DEM
2020-01-23,Bennet,13352,0,DEM
2020-01-26,Biden,13256,21.21,DEM
2020-01-26,Sanders,13257,26.26,DEM
2020-01-26,Warren,13258,16.16,DEM
2020-01-26,Bloomberg,13289,12.12,DEM
2020-01-26,Klobuchar,13310,3.03,DEM
2020-01-26,Steyer,13327,2.02,DEM
2020-01-26,Yang,13329,4.04,DEM
2020-01-26,Gabbard,13343,0,DEM
2020-01-26,Buttigieg,13345,8.08,DEM
2020-01-30,Biden,13256,21,DEM
2020-01-30,Sanders,13257,27.5,DEM
2020-01-30,Warren,13258,13.5,DEM
2020-01-30,Klobuchar,13310,10.8,DEM
2020-01-30,Patrick,13315,0.1,DEM
2020-01-30,Steyer,13327,4.3,DEM
2020-01-30,Yang,13329,4.7,DEM
2020-01-30,Gabbard,13343,0.9,DEM
2020-01-30,Buttigieg,13345,14.5,DEM
2020-01-30,Bennet,13352,0.8,DEM
2020-01-31,Biden,13256,14.4,DEM
2020-01-31,Sanders,13257,29,DEM
2020-01-31,Warren,13258,11.5,DEM
2020-01-31,Klobuchar,13310,8.4,DEM
2020-01-31,Patrick,13315,0.3,DEM
2020-01-31,Steyer,13327,7.6,DEM
2020-01-31,Yang,13329,6.5,DEM
2020-01-31,Gabbard,13343,6.7,DEM
2020-01-31,Buttigieg,13345,12.8,DEM
2020-01-31,Bennet,13352,0.3,DEM
2020-02-01,Biden,13256,12.6,DEM
2020-02-01,Sanders,13257,31.6,DEM
2020-02-01,Warren,13258,13.2,DEM
2020-02-01,Klobuchar,13310,12.4,DEM
2020-02-01,Patrick,13315,0.3,DEM
2020-02-01,Steyer,13327,4.6,DEM
2020-02-01,Yang,13329,5,DEM
2020-02-01,Gabbard,13343,3.9,DEM
2020-02-01,Buttigieg,13345,12.2,DEM
2020-02-01,Bennet,13352,0.2,DEM
2020-02-02,Biden,13256,17.8,DEM
2020-02-02,Biden,13256,13.4,DEM
2020-02-02,Sanders,13257,32.4,DEM
2020-02-02,Sanders,13257,24,DEM
2020-02-02,Warren,13258,12.8,DEM
2020-02-02,Warren,13258,10.7,DEM
2020-02-02,Klobuchar,13310,11,DEM
2020-02-02,Klobuchar,13310,6.2,DEM
2020-02-02,Patrick,13315,1.3,DEM
2020-02-02,Patrick,13315,0.6,DEM
2020-02-02,Steyer,13327,4,DEM
2020-02-02,Steyer,13327,1.5,DEM
2020-02-02,Yang,13329,5.8,DEM
2020-02-02,Yang,13329,3.4,DEM
2020-02-02,Gabbard,13343,5.5,DEM
2020-02-02,Gabbard,13343,5.4,DEM
2020-02-02,Buttigieg,13345,16.5,DEM
2020-02-02,Buttigieg,13345,11,DEM
2020-02-02,Bennet,13352,0.6,DEM
2020-02-02,Bennet,13352,0.1,DEM
2020-02-03,Biden,13256,15,DEM
2020-02-03,Biden,13256,12.3,DEM
2020-02-03,Sanders,13257,31.4,DEM
2020-02-03,Sanders,13257,24.4,DEM
2020-02-03,Warren,13258,11.5,DEM
2020-02-03,Warren,13258,10.2,DEM
2020-02-03,Klobuchar,13310,11.4,DEM
2020-02-03,Klobuchar,13310,6,DEM
2020-02-03,Patrick,13315,0.4,DEM
2020-02-03,Patrick,13315,0.1,DEM
2020-02-03,Steyer,13327,5,DEM
2020-02-03,Steyer,13327,0.9,DEM
2020-02-03,Yang,13329,4,DEM
2020-02-03,Yang,13329,3.2,DEM
2020-02-03,Gabbard,13343,5.2,DEM
2020-02-03,Gabbard,13343,4.8,DEM
2020-02-03,Buttigieg,13345,21.4,DEM
2020-02-03,Buttigieg,13345,15.2,DEM
2020-02-03,Bennet,13352,0.4,DEM
2020-02-03,Bennet,13352,0,DEM
2020-02-04,Biden,13256,12,DEM
2020-02-04,Sanders,13257,24.8,DEM
2020-02-04,Warren,13258,11,DEM
2020-02-04,Klobuchar,13310,5.6,DEM
2020-02-04,Patrick,13315,0.4,DEM
2020-02-04,Steyer,13327,4.2,DEM
2020-02-04,Yang,13329,2.2,DEM
2020-02-04,Gabbard,13343,4.8,DEM
2020-02-04,Buttigieg,13345,18.6,DEM
2020-02-04,Bennet,13352,0.4,DEM
2020-02-05,Biden,13256,10.6,DEM
2020-02-05,Sanders,13257,31.5,DEM
2020-02-05,Sanders,13257,23.6,DEM
2020-02-05,Warren,13258,13.2,DEM
2020-02-05,Warren,13258,12.6,DEM
2020-02-05,Klobuchar,13310,9,DEM
2020-02-05,Klobuchar,13310,6,DEM
2020-02-05,Patrick,13315,0.6,DEM
2020-02-05,Patrick,13315,0.4,DEM
2020-02-05,Steyer,13327,2.8,DEM
2020-02-05,Steyer,13327,1.7,DEM
2020-02-05,Yang,13329,3.2,DEM
2020-02-05,Yang,13329,1.6,DEM
2020-02-05,Gabbard,13343,5.6,DEM
2020-02-05,Gabbard,13343,3.6,DEM
2020-02-05,Buttigieg,13345,22.9,DEM
2020-02-05,Buttigieg,13345,22.6,DEM
2020-02-05,Bennet,13352,0.8,DEM
2020-02-05,Bennet,13352,0.2,DEM
2020-02-06,Biden,13256,11.4,DEM
2020-02-06,Biden,13256,10.6,DEM
2020-02-06,Sanders,13257,30.8,DEM
2020-02-06,Sanders,13257,23.8,DEM
2020-02-06,Warren,13258,14.2,DEM
2020-02-06,Warren,13258,11.4,DEM
2020-02-06,Klobuchar,13310,9.3,DEM
2020-02-06,Klobuchar,13310,6,DEM
2020-02-06,Patrick,13315,0.4,DEM
2020-02-06,Patrick,13315,0.3,DEM
2020-02-06,Steyer,13327,2.4,DEM
2020-02-06,Steyer,13327,1.7,DEM
2020-02-06,Yang,13329,3.2,DEM
2020-02-06,Yang,13329,3,DEM
2020-02-06,Gabbard,13343,5.1,DEM
2020-02-06,Gabbard,13343,2,DEM
2020-02-06,Buttigieg,13345,25,DEM
2020-02-06,Buttigieg,13345,23.5,DEM
2020-02-06,Bennet,13352,0.8,DEM
2020-02-06,Bennet,13352,0.3,DEM
2020-02-07,Biden,13256,10.8,DEM
2020-02-07,Biden,13256,10.4,DEM
2020-02-07,Sanders,13257,30.4,DEM
2020-02-07,Sanders,13257,23.8,DEM
2020-02-07,Warren,13258,13.4,DEM
2020-02-07,Warren,13258,11.6,DEM
2020-02-07,Klobuchar,13310,13.1,DEM
2020-02-07,Klobuchar,13310,8.6,DEM
2020-02-07,Patrick,13315,1.1,DEM
2020-02-07,Patrick,13315,0.4,DEM
2020-02-07,Steyer,13327,2.2,DEM
2020-02-07,Steyer,13327,1.8,DEM
2020-02-07,Yang,13329,4.2,DEM
2020-02-07,Yang,13329,2.6,DEM
2020-02-07,Gabbard,13343,3.3,DEM
2020-02-07,Gabbard,13343,2,DEM
2020-02-07,Buttigieg,13345,21.8,DEM
2020-02-07,Buttigieg,13345,20.2,DEM
2020-02-07,Bennet,13352,0.2,DEM
2020-02-08,Trump,13254,84.2,REP
2020-02-08,Biden,13256,11.8,DEM
2020-02-08,Biden,13256,9.8,DEM
2020-02-08,Sanders,13257,30,DEM
2020-02-08,Sanders,13257,26.6,DEM
2020-02-08,Warren,13258,11.6,DEM
2020-02-08,Warren,13258,10.6,DEM
2020-02-08,Klobuchar,13310,14.2,DEM
2020-02-08,Klobuchar,13310,13.6,DEM
2020-02-08,Patrick,13315,1.3,DEM
2020-02-08,Patrick,13315,0.8,DEM
2020-02-08,Steyer,13327,2.4,DEM
2020-02-08,Steyer,13327,1.6,DEM
2020-02-08,Yang,13329,3.9,DEM
2020-02-08,Yang,13329,2.6,DEM
2020-02-08,Gabbard,13343,2.8,DEM
2020-02-08,Gabbard,13343,1.5,DEM
2020-02-08,Buttigieg,13345,23.1,DEM
2020-02-08,Buttigieg,13345,19.4,DEM
2020-02-08,Weld,13351,15.8,REP
2020-02-08,Bennet,13352,0.6,DEM
2020-02-08,Bennet,13352,0.2,DEM
2020-02-13,Trump,13254,91,REP
2020-02-13,Biden,13256,20,DEM
2020-02-13,Biden,13256,18,DEM
2020-02-13,Biden,13256,15,DEM
2020-02-13,Sanders,13257,29,DEM
2020-02-13,Sanders,13257,25,DEM
2020-02-13,Sanders,13257,22,DEM
2020-02-13,Warren,13258,10,DEM
2020-02-13,Warren,13258,9,DEM
2020-02-13,Warren,13258,8,DEM
2020-02-13,Bloomberg,13289,22,DEM
2020-02-13,Bloomberg,13289,21,DEM
2020-02-13,Bloomberg,13289,18,DEM
2020-02-13,Klobuchar,13310,6,DEM
2020-02-13,Klobuchar,13310,5,DEM
2020-02-13,Klobuchar,13310,4,DEM
2020-02-13,Steyer,13327,3,DEM
2020-02-13,Steyer,13327,2,DEM
2020-02-13,Buttigieg,13345,12,DEM
2020-02-13,Buttigieg,13345,11,DEM
2020-02-13,Weld,13351,5,REP
2020-02-16,Trump,13254,91.3,REP
2020-02-16,Biden,13256,22.3,DEM
2020-02-16,Biden,13256,13,DEM
2020-02-16,Sanders,13257,28.8,DEM
2020-02-16,Sanders,13257,25,DEM
2020-02-16,Warren,13258,11.5,DEM
2020-02-16,Warren,13258,11,DEM
2020-02-16,Bloomberg,13289,21,DEM
2020-02-16,Bloomberg,13289,13.6,DEM
2020-02-16,Klobuchar,13310,9,DEM
2020-02-16,Klobuchar,13310,5.8,DEM
2020-02-16,Steyer,13327,2.6,DEM
2020-02-16,Steyer,13327,0,DEM
2020-02-16,Gabbard,13343,3.7,DEM
2020-02-16,Gabbard,13343,1,DEM
2020-02-16,Buttigieg,13345,9,DEM
2020-02-16,Buttigieg,13345,7.7,DEM
2020-02-16,Weld,13351,8.7,REP
2020-02-19,Biden,13256,16.1,DEM
2020-02-19,Sanders,13257,30.4,DEM
2020-02-19,Warren,13258,12.1,DEM
2020-02-19,Klobuchar,13310,11,DEM
2020-02-19,Steyer,13327,9.8,DEM
2020-02-19,Gabbard,13343,1.9,DEM
2020-02-19,Buttigieg,13345,16.9,DEM
2020-02-23,Biden,13256,18,DEM
2020-02-23,Sanders,13257,31,DEM
2020-02-23,Warren,13258,10,DEM
2020-02-23,Bloomberg,13289,16,DEM
2020-02-23,Klobuchar,13310,5,DEM
2020-02-23,Steyer,13327,2,DEM
2020-02-23,Gabbard,13343,1,DEM
2020-02-23,Buttigieg,13345,12,DEM
2020-02-25,Biden,13256,21,DEM
2020-02-25,Sanders,13257,28,DEM
2020-02-25,Warren,13258,8,DEM
2020-02-25,Bloomberg,13289,21,DEM
2020-02-25,Klobuchar,13310,4,DEM
2020-02-25,Steyer,13327,2,DEM
2020-02-25,Gabbard,13343,1,DEM
2020-02-25,Buttigieg,13345,9,DEM
2020-02-26,Biden,13256,41.4,DEM
2020-02-26,Biden,13256,14,DEM
2020-02-26,Biden,13256,11,DEM
2020-02-26,Sanders,13257,34.6,DEM
2020-02-26,Sanders,13257,24.8,DEM
2020-02-26,Sanders,13257,24.2,DEM
2020-02-26,Warren,13258,22.2,DEM
2020-02-26,Warren,13258,12,DEM
2020-02-26,Warren,13258,4.7,DEM
2020-02-26,Bloomberg,13289,16,DEM
2020-02-26,Bloomberg,13289,13,DEM
2020-02-26,Klobuchar,13310,5.8,DEM
2020-02-26,Klobuchar,13310,5,DEM
2020-02-26,Klobuchar,13310,4.6,DEM
2020-02-26,Steyer,13327,10.8,DEM
2020-02-26,Steyer,13327,3.4,DEM
2020-02-26,Steyer,13327,2.4,DEM
2020-02-26,Gabbard,13343,2.8,DEM
2020-02-26,Gabbard,13343,1.8,DEM
2020-02-26,Gabbard,13343,0.8,DEM
2020-02-26,Buttigieg,13345,12.4,DEM
2020-02-26,Buttigieg,13345,11.1,DEM
2020-02-26,Buttigieg,13345,6.6,DEM
2020-02-29,Biden,13256,25.9,DEM
2020-02-29,Biden,13256,21,DEM
2020-02-29,Sanders,13257,37.8,DEM
2020-02-29,Sanders,13257,30.8,DEM
2020-02-29,Warren,13258,16.1,DEM
2020-02-29,Warren,13258,13.8,DEM
2020-02-29,Bloomberg,13289,16.2,DEM
2020-02-29,Bloomberg,13289,10.8,DEM
2020-02-29,Klobuchar,13310,4.6,DEM
2020-02-29,Klobuchar,13310,4.1,DEM
2020-02-29,Steyer,13327,1.6,DEM
2020-02-29,Gabbard,13343,3.1,DEM
2020-02-29,Gabbard,13343,1.4,DEM
2020-02-29,Buttigieg,13345,6.6,DEM
2020-02-29,Buttigieg,13345,4.5,DEM
2020-03-04,Biden,13256,48.1,DEM
2020-03-04,Biden,13256,36.36,DEM
2020-03-04,Sanders,13257,43.7,DEM
2020-03-04,Sanders,13257,35.35,DEM
2020-03-04,Warren,13258,10.1,DEM
2020-03-04,Gabbard,13343,1.8,DEM
2020-03-11,Biden,13256,64.8,DEM
2020-03-11,Biden,13256,56.8,DEM
2020-03-11,Biden,13256,56.6,DEM
2020-03-11,Sanders,13257,36.2,DEM
2020-03-11,Sanders,13257,34.9,DEM
2020-03-11,Sanders,13257,26.7,DEM
2020-03-11,Gabbard,13343,1.9,DEM
2020-03-11,Gabbard,13343,1.5,DEM
2020-03-11,Gabbard,13343,1.1,DEM
2020-03-18,Trump,13254,94.3,REP
2020-03-18,Biden,13256,53.6,DEM
2020-03-18,Sanders,13257,42.1,DEM
2020-03-18,Weld,13351,5.7,REP